"Status","Start Time","Stop Time","Duration in ms","Parent Suite","Suite","Sub Suite","Test Class","Test Method","Name","Description"
"passed","Sun Nov 14 22:26:33 CST 2021","Sun Nov 14 22:26:33 CST 2021","5","test_case","test_calculator","TestCalculator","","","除法测试用例","
        测试除法运算
        "
"passed","Sun Nov 14 22:26:33 CST 2021","Sun Nov 14 22:26:33 CST 2021","5","test_case","test_calculator","TestCalculator","","","除法测试用例","
        测试除法运算
        "
"passed","Sun Nov 14 22:26:33 CST 2021","Sun Nov 14 22:26:33 CST 2021","5","test_case","test_calculator","TestCalculator","","","加法测试用例","
        测试加法运算
        "
"passed","Sun Nov 14 22:26:33 CST 2021","Sun Nov 14 22:26:33 CST 2021","5","test_case","test_calculator","TestCalculator","","","加法测试用例","
        测试加法运算
        "
